Cheese,Lassi,Coffee Powder,Ghee,Yougurt,Butter
Ghee,Coffee Powder
Cheese,Lassi,Tea Powder,Butter
Cheese,Panner,Bread,Tea Powder,Coffee Powder,Butter
Butter,Sweet,Cheese,Sugar,Coffee Powder,Yougurt
Sweet,Panner,Sugar,Tea Powder,Ghee,Milk
Sweet,Coffee Powder
Panner,Ghee,Butter
Sweet,Cheese,Sugar,Tea Powder,Yougurt,Butter
Panner,Ghee
Sweet,Panner,Bread,Tea Powder,Milk
Lassi,Panner,Sugar,Milk,Coffee Powder,Ghee,Yougurt,Butter
Sweet,Lassi,Panner,Coffee Powder,Ghee,Butter
Sweet,Lassi,Bread,Panner,Sugar,Tea Powder,Coffee Powder,Ghee
Sweet,Lassi,Panner,Sugar,Milk,Butter
Bread,Tea Powder,Coffee Powder
Cheese,Ghee,Milk,Butter
Bread,Coffee Powder
